adapter,stylePreset,pipelineVersion,resultFingerprint,image,category,width,height,colors,runtimeMs,evaluationRuntimeMs,sourceSamplingMs,outputHash,regions4,regions8,regionDensity4Per10k,regionDensity8Per10k,singletonCount,singletonAreaRatio,tinyAreaRatio,highContrastTinyCount,lowContrastTinyCount,transitionRatio,compactnessMean,compactnessP90,paletteUsed,paletteEntropyBits,meanDeltaE,edgePrecision,edgeRecall,idealRegionTaps,classicLowerBound,conservativeManualTapLowerBound,previewCellPixels,readableCellRatio,labelsPotentiallyLegible,panel
classic,classic,classic-v1,fnv1a-c06e7552,neon-cat,animal,192,192,10,324.235,82.427,353.898,b62295deba328b79e87c29902c02eb67c5f42174a62cc4198ad59383c46c3969,570,388,154.62239583333334,105.25173611111111,191,0.005181206597222222,0.011420355902777778,287,4,0.10557100785340315,0.6097341502992554,0.7853981633974483,10,1.9517666219476337,4.045227815601215,0.570063282965259,0.7923173577454676,570,579,876,1.6666666666666667,0,false,panels/neon-cat-192x192-classic-vs-paintable.png
paintable,paintable,paintable-v1,fnv1a-ae685728,neon-cat,animal,192,192,10,323.041,78.07,353.898,e71faa27dac354e63ffb65607ee7505d685a2778c0b80d50e0b56615eb035488,442,380,119.90017361111111,103.08159722222221,126,0.00341796875,0.006022135416666667,164,1,0.11321989528795812,0.5711162583360504,0.7853981633974483,10,1.966940191243717,4.352001457140836,0.4809730250481696,0.716926943098187,442,451,616,1.6666666666666667,0,false,panels/neon-cat-192x192-classic-vs-paintable.png
classic,classic,classic-v1,fnv1a-c5c910c9,neon-cat,animal,512,512,10,1825.685,328.506,1133.233,35270280796f4ba11fe7a43f254d3440dd5ac05ba7de26a90fef8548f641bbfb,807,603,30.78460693359375,23.00262451171875,96,0.0003662109375,0.0009918212890625,98,26,0.04810573630136986,0.508913212125102,0.7853981633974483,10,2.0146006540395405,3.6859971572492896,0.45844589226124266,0.7560272536687631,807,816,985,0.625,0,false,panels/neon-cat-512x512-classic-vs-paintable.png
paintable,paintable,paintable-v1,fnv1a-f0db1c6f,neon-cat,animal,512,512,10,1782.101,304.534,1133.233,cbff82b6ba76291ea0b1fb1fc2aaf87d4a3e8f892c28285ccdf8dd86e2ff820a,592,499,22.5830078125,19.03533935546875,51,0.000194549560546875,0.000316619873046875,63,0,0.049808509662426614,0.4511131169843476,0.7853981633974483,10,2.0422460151947583,3.5050279662005437,0.43348808655949045,0.7401729559748428,592,601,659,0.625,0,false,panels/neon-cat-512x512-classic-vs-paintable.png
classic,classic,classic-v1,fnv1a-a6a72a01,neon-cat,animal,1024,1024,10,6927.607,910.484,5138.133,5a0872e04684b3df86ffa28e158d25169e972a322aab91b62a550de443225060,975,764,9.298324584960938,7.28607177734375,133,0.00012683868408203125,0.00027942657470703125,147,19,0.024853658815982404,0.4383572461498722,0.7853981633974483,10,1.9244382116866354,3.8839604713765077,0.45589675635190413,0.7293311622476881,975,984,1188,0.3125,0,false,panels/neon-cat-1024x1024-classic-vs-paintable.png
paintable,paintable,paintable-v1,fnv1a-f4864305,neon-cat,animal,1024,1024,10,6407.229,978.881,5138.133,6e55d5df21360017c861c2b561057801e5be3fbb7425b57e2e4f2d9d154b7b88,975,794,9.298324584960938,7.572174072265625,105,0.00010013580322265625,0.00013828277587890625,118,0,0.02897612719941349,0.38545960698076387,0.7853981633974483,10,1.975788907373698,3.0735164929556724,0.42831257824339464,0.7988571077452457,975,984,1100,0.3125,0,false,panels/neon-cat-1024x1024-classic-vs-paintable.png
classic,classic,classic-v1,fnv1a-79a63793,neon-cat,animal,1200,1200,10,12019.132,1600.158,6895.812,1acbfeb6e396b7acae8967db1b4c541503203dce5d8cc876aeed1de9a4e15376,1083,839,7.520833333333333,5.826388888888889,161,0.00011180555555555556,0.00022847222222222222,182,11,0.02241729218793439,0.4313466827985613,0.7853981633974483,10,1.9551040857539455,3.8915470253184776,0.43177590376387426,0.7186572748148722,1083,1092,1328,0.26666666666666666,0,false,panels/neon-cat-1200x1200-classic-vs-paintable.png
paintable,paintable,paintable-v1,fnv1a-a420f8f2,neon-cat,animal,1200,1200,10,9697.641,1547.738,6895.812,d82117ed85b97a0e721009f8e26c8fda7a5f17ad2e734a4980c5561dfad3f52a,1011,807,7.020833333333333,5.604166666666666,90,0.0000625,0.00010138888888888889,117,0,0.026309077008618294,0.3657282656334575,0.7845808916353281,10,1.9780658946861367,2.952353478727006,0.4072542829593036,0.7955208091441546,1011,1020,1129,0.26666666666666666,0,false,panels/neon-cat-1200x1200-classic-vs-paintable.png
classic,classic,classic-v1,fnv1a-e63a11ad,astro-whale,animal,192,192,10,332.024,57.694,208.359,d656d73c2fa9f01ae1deecc93a240d41f777f756532614f5b6a9f8200f78511b,369,284,100.09765625,77.03993055555556,138,0.0037434895833333335,0.007432725694444444,205,0,0.04999727312390925,0.6429905567518828,0.7853981633974483,10,1.5765670063942174,3.584896160656879,0.8442868830106354,0.6220614828209765,369,378,575,1.6666666666666667,0,false,panels/astro-whale-192x192-classic-vs-paintable.png
paintable,paintable,paintable-v1,fnv1a-14c2d025,astro-whale,animal,192,192,10,303.525,57.803,208.359,88fa1fd5a62a76adbe1f9ef46038c5da995dc5f9e726b0d652621a6a6b566eb4,303,267,82.19401041666666,72.42838541666667,80,0.002170138888888889,0.004123263888888889,104,0,0.055846422338568937,0.5956211204395363,0.7853981633974483,10,1.6222359117696084,2.8864276612966933,0.8486328125,0.6984126984126984,303,312,419,1.6666666666666667,0,false,panels/astro-whale-192x192-classic-vs-paintable.png
classic,classic,classic-v1,fnv1a-6704d5c7,astro-whale,animal,512,512,10,1783.649,255.864,1087.061,ffc53f02784964111682bd7f4ffd7d5827436f6e3803066a848f6a824e2a290d,527,457,20.10345458984375,17.43316650390625,84,0.0003204345703125,0.00074005126953125,135,0,0.021153757950097846,0.5397420724164665,0.7853981633974483,10,1.5859845212776318,3.1433582802177966,0.8288914987803776,0.6908365333935698,527,536,666,0.625,0,false,panels/astro-whale-512x512-classic-vs-paintable.png
paintable,paintable,paintable-v1,fnv1a-65ce5883,astro-whale,animal,512,512,10,1868.91,261.259,1087.061,e98cd11988debf0ff49bbfa90ac8d85d0501755768019808fb45d16609ef2446,535,456,20.40863037109375,17.39501953125,82,0.00031280517578125,0.00046539306640625,88,0,0.024513438723091977,0.5110933169362865,0.7853981633974483,10,1.6095728263925122,2.048218681637991,0.7989397364933344,0.7716286424215044,535,544,637,0.625,0,false,panels/astro-whale-512x512-classic-vs-paintable.png
classic,classic,classic-v1,fnv1a-25cc62c5,alpine-train,landscape,192,192,10,277.293,38.415,190.835,53a7de0cd1ddc62a5e5da41db7b6b51b0ef5d3245d51cdcab030451fb5121c5d,393,325,106.60807291666666,88.16189236111111,82,0.002224392361111111,0.005859375,149,0,0.12093695462478185,0.550090774822214,0.7853981633974483,10,3.083887424272902,10.11134062231334,0.7056369785794814,0.7494013409961686,393,402,542,1.6666666666666667,0,false,panels/alpine-train-192x192-classic-vs-paintable.png
paintable,paintable,paintable-v1,fnv1a-1fd41bc9,alpine-train,landscape,192,192,10,277.821,47.606,190.835,60d3c06821f7f7ea207ddec215493edd66e2fc84520b967edee46f131fb7331d,337,282,91.41710069444444,76.49739583333333,38,0.0010308159722222222,0.003689236111111111,81,0,0.1203506762652705,0.4944013417795299,0.7853981633974483,10,3.11354888058797,10.179045565610673,0.6887957403421321,0.7279693486590039,337,346,424,1.6666666666666667,0,false,panels/alpine-train-192x192-classic-vs-paintable.png
classic,classic,classic-v1,fnv1a-48a03483,alpine-train,landscape,512,512,10,1666.111,254.28,1048.964,8f5e894f1c9c002b39ceb1b1ab8be543e8bf287f0fe9d9267cc1787d3eed54fc,650,571,24.7955322265625,21.78192138671875,79,0.000301361083984375,0.000690460205078125,130,0,0.05025570266634051,0.4949466511297455,0.7853981633974483,10,3.095924304536625,9.984552779580383,0.6491234741605506,0.7635534084809447,650,659,780,0.625,0,false,panels/alpine-train-512x512-classic-vs-paintable.png
paintable,paintable,paintable-v1,fnv1a-cb66e5b0,alpine-train,landscape,512,512,10,1660.466,273.558,1048.964,0f456610bf4240030fb782aa05221a41423d59820600aa0ad0d3a1e2b037dfc8,502,424,19.1497802734375,16.17431640625,20,0.0000762939453125,0.0001983642578125,34,0,0.0511500886741683,0.4423890819795753,0.7802459422656572,10,3.100577336370044,9.405924926509499,0.6522323930506259,0.7808641975308642,502,511,538,0.625,0,false,panels/alpine-train-512x512-classic-vs-paintable.png
classic,classic,classic-v1,fnv1a-7bc96501,lantern-fox,animal,192,192,10,276.006,41.485,215.341,d785a2fd5f6ef8ddbb6e963e735eb69c845e6f2b6a1311e2c7f19c99d8c574dd,212,189,57.50868055555556,51.26953125,36,0.0009765625,0.0028211805555555555,67,0,0.08989147033158813,0.5655983808541014,0.7853981633974483,10,2.6481054893816673,9.098212130576334,0.5560442893978462,0.5806145074437757,212,221,282,1.6666666666666667,0,false,panels/lantern-fox-192x192-classic-vs-paintable.png
paintable,paintable,paintable-v1,fnv1a-e0b1a2fe,lantern-fox,animal,192,192,10,256.909,35.384,215.341,9335d6d05753f7b95c95d884c05ad2fe9ddc34d637200d6c85e8cdcdb4d159a5,300,266,81.38020833333334,72.15711805555556,11,0.00029839409722222225,0.0028483072916666665,49,0,0.11454243019197208,0.4903746747442831,0.7853981633974483,10,2.720506639920452,8.033943468043113,0.5320795143435305,0.7079505859993664,300,309,358,1.6666666666666667,0,false,panels/lantern-fox-192x192-classic-vs-paintable.png
classic,classic,classic-v1,fnv1a-0587f642,lantern-fox,animal,512,512,10,1795.677,288.127,1062.375,479fe61c69a35dccccc6e638784072a95a411d764a4cfac408a3174554784609,405,361,15.44952392578125,13.77105712890625,41,0.000156402587890625,0.000308990478515625,61,0,0.04205907534246575,0.5121390999490526,0.7853981633974483,10,2.66935260020692,8.592945215038412,0.5108142493638677,0.6793159707535199,405,414,466,0.625,0,false,panels/lantern-fox-512x512-classic-vs-paintable.png
paintable,paintable,paintable-v1,fnv1a-650c6355,lantern-fox,animal,512,512,10,1559.221,248.312,1062.375,3a8e58831f494ea91e315b8b029a0638fd062e32768912653fc3dabad9f6b062,569,435,21.70562744140625,16.59393310546875,30,0.00011444091796875,0.0001983642578125,25,0,0.05407595401174168,0.5093850417418451,0.7853981633974483,10,2.731091767166686,7.280029244511866,0.4742013005371784,0.810804278204121,569,578,610,0.625,0,false,panels/lantern-fox-512x512-classic-vs-paintable.png
classic,classic,classic-v1,fnv1a-fab5167a,tea-dragon,object,192,192,10,278.927,41.69,227.191,6ff9e3516c713cb6f1787b78b600b5e51966030bc195443261a90fc7b86a6215,405,324,109.86328125,87.890625,91,0.002468532986111111,0.006049262152777778,151,0,0.11366982984293193,0.5502659182106753,0.7853981633974483,10,3.059158547473446,8.884344294319614,0.64939426652273,0.6759895117992258,405,414,562,1.6666666666666667,0,false,panels/tea-dragon-192x192-classic-vs-paintable.png
paintable,paintable,paintable-v1,fnv1a-a2c89fda,tea-dragon,object,192,192,10,334.467,52.513,227.191,b2bde494dbc81dbceac4513802d205c8ba7759902b0986d6364754d27e5321fb,367,310,99.55512152777779,84.09288194444444,32,0.0008680555555555555,0.003472222222222222,57,0,0.12798592931937172,0.47770193087275487,0.7853981633974483,10,3.0745824649007445,7.514135884510728,0.6512197720251411,0.763266325383943,367,376,447,1.6666666666666667,0,false,panels/tea-dragon-192x192-classic-vs-paintable.png
classic,classic,classic-v1,fnv1a-008d6cc4,tea-dragon,object,512,512,10,1712.051,249.723,1174.858,8b59168ae6cbe2ce656846713dc46eaa82706e4a1b4a0e99652757c17d1cd1cc,502,436,19.1497802734375,16.632080078125,54,0.00020599365234375,0.00045013427734375,76,0,0.046387674290606654,0.48821506032116374,0.7853981633974483,10,3.055352905513061,8.887766750511219,0.5920158200469657,0.6573951232901779,502,511,588,0.625,0,false,panels/tea-dragon-512x512-classic-vs-paintable.png
paintable,paintable,paintable-v1,fnv1a-b7341e40,tea-dragon,object,512,512,10,1720.062,294.131,1174.858,9a2bee845d708046fa7a9e0fd0439b0699a5212f2112b1fd2c22c20e53cf44ff,550,442,20.9808349609375,16.8609619140625,17,0.000064849853515625,0.000148773193359375,21,0,0.055343000856164386,0.4315424286838516,0.7757018897752576,10,3.0591803843609306,6.741214492351901,0.6106909768983736,0.8090489043414612,550,559,578,0.625,0,false,panels/tea-dragon-512x512-classic-vs-paintable.png
classic,classic,classic-v1,fnv1a-a1bda210,coral-jellyfish,animal,192,192,10,262.394,58.193,191.868,bc0551c63fe556fe9343955693ec13ea9b5f0b60f0de74961a44a033830f5622,299,229,81.10894097222221,62.12022569444444,87,0.0023600260416666665,0.004096137152777778,118,0,0.11720113438045375,0.5600816755768507,0.7853981633974483,10,2.54952610436233,8.82870591298221,0.5757328990228013,0.6064950980392156,299,308,418,1.6666666666666667,0,false,panels/coral-jellyfish-192x192-classic-vs-paintable.png
paintable,paintable,paintable-v1,fnv1a-bafb0d93,coral-jellyfish,animal,192,192,10,259.616,59.039,191.868,c3935b225362b90f5f0bba993cbe8d1dc248067e5b337f0617196aa5d641ed93,310,254,84.09288194444444,68.90190972222221,57,0.0015462239583333333,0.003390842013888889,80,0,0.13454406631762653,0.4833893679600471,0.7853981633974483,10,2.555102367528981,7.651321706107814,0.5610052695581678,0.6784313725490196,310,319,401,1.6666666666666667,0,false,panels/coral-jellyfish-192x192-classic-vs-paintable.png
classic,classic,classic-v1,fnv1a-2e246c55,coral-jellyfish,animal,512,512,10,1735.831,242.645,1082.181,2d7f1d3f37f28deaebbc22354f76b3e1e89dcb4a2cbcfa5624cb2b04010a9e0f,457,386,17.43316650390625,14.7247314453125,49,0.000186920166015625,0.000476837158203125,85,0,0.050825204867906065,0.48258765077348353,0.7853981633974483,10,2.4805304877400154,7.940085310919358,0.5243466817070878,0.6660457563165687,457,466,544,0.625,0,false,panels/coral-jellyfish-512x512-classic-vs-paintable.png
paintable,paintable,paintable-v1,fnv1a-0fab9aab,coral-jellyfish,animal,512,512,10,1527.625,247.57,1082.181,accf4db030db8a1f7d4226918efe9cc889d2f439dbb1193a62deb3a9294d83e8,450,375,17.1661376953125,14.30511474609375,19,0.000072479248046875,0.000202178955078125,36,0,0.05913076382093933,0.3992801605225785,0.6981317007977318,10,2.5284818156303404,6.854736898518581,0.5064800749814162,0.7484835458757224,450,459,486,0.625,0,false,panels/coral-jellyfish-512x512-classic-vs-paintable.png
classic,classic,classic-v1,fnv1a-81a6d51b,lena-portrait,portrait,192,192,10,239.953,39.439,177.084,dc582560bb20b863ecaece93ff73203be400e096b73c3b30bce5e6050e44b11d,409,307,110.94835069444444,83.27907986111111,77,0.0020887586805555555,0.005181206597222222,125,0,0.11501963350785341,0.5658670451835608,0.7853981633974483,10,2.9425433713981755,5.376799662258337,0.6864627785680417,0.7123877475704269,409,418,543,1.6666666666666667,0,false,panels/lena-portrait-192x192-classic-vs-paintable.png
paintable,paintable,paintable-v1,fnv1a-52765cbc,lena-portrait,portrait,192,192,10,251.035,35.658,177.084,15e05255205026ae79330936c4bdb5bb020058d4f88969d1285eab90ae757416,286,239,77.58246527777779,64.83289930555556,42,0.0011393229166666667,0.003363715277777778,82,0,0.11034304101221641,0.4830044543944375,0.7853981633974483,10,2.939364720064245,5.474951834628478,0.6956629185716051,0.692582113421085,286,295,369,1.6666666666666667,0,false,panels/lena-portrait-192x192-classic-vs-paintable.png
classic,classic,classic-v1,fnv1a-d9970248,lena-portrait,portrait,512,512,10,1852.117,238.464,1087.445,520f196a89a3594dc8e3f324c9ccb89fd3168bd60c77c8c47042d5a0255c07a2,387,302,14.76287841796875,11.5203857421875,19,0.000072479248046875,0.000118255615234375,25,0,0.04505565068493151,0.47868533306476896,0.7853981633974483,10,2.9346167904141227,4.843250137314385,0.6849762470308789,0.7223887273540595,387,396,412,0.625,0,false,panels/lena-portrait-512x512-classic-vs-paintable.png
paintable,paintable,paintable-v1,fnv1a-d96c976b,lena-portrait,portrait,512,512,10,1605.847,278.033,1087.445,1b9bb7df0b2a0d44cf3ea7fefe81be4179e7402e74d4ee6f48f854f3c91dd6be,430,324,16.4031982421875,12.359619140625,19,0.000072479248046875,0.000095367431640625,19,0,0.050098994006849314,0.38675257601117086,0.6981317007977318,10,2.9524300743733543,3.740933788467032,0.6730497806599275,0.7892641467233281,430,439,452,0.625,0,false,panels/lena-portrait-512x512-classic-vs-paintable.png
classic,classic,classic-v1,fnv1a-6daa6a70,lena-portrait,portrait,1024,1024,10,7829.422,1432.819,4523.016,f5064d9ab71d8dd58dc036b57a5a3813291bb9da8f2c4949722d071d5423043a,420,347,4.00543212890625,3.3092498779296875,57,0.00005435943603515625,0.00007343292236328125,64,0,0.023673765120967742,0.44567963081861517,0.7853981633974483,10,2.955329523294704,4.381370415627572,0.42000846791265956,0.7723851544251232,420,429,487,0.3125,0,false,panels/lena-portrait-1024x1024-classic-vs-paintable.png
paintable,paintable,paintable-v1,fnv1a-473e6328,lena-portrait,portrait,1024,1024,10,6527.645,1034.79,4523.016,ffe51949fba32a1fdf5067c65bc816e95b78441e49f1ecee6690b463076dce7a,645,419,6.1511993408203125,3.9958953857421875,35,0.00003337860107421875,0.00004291534423828125,35,0,0.03086099783113392,0.44722653359797077,0.7853981633974483,10,2.9597639666573996,2.810176035142831,0.3615695129684334,0.8667828408290386,645,654,685,0.3125,0,false,panels/lena-portrait-1024x1024-classic-vs-paintable.png
classic,classic,classic-v1,fnv1a-fad7e094,lena-portrait,portrait,1200,1200,10,15807.244,3521.353,6281.2,afcfa7b5b0c7a447bed3bafa83e5978459c7d7f0008e2fefd4334c231d506e66,466,381,3.236111111111111,2.6458333333333335,74,0.00005138888888888889,0.0000861111111111111,98,0,0.021153391715318322,0.4537521319541629,0.7853981633974483,10,2.956062252710153,4.116749774344431,0.2541604376468269,0.6703496685298324,466,475,565,0.26666666666666666,0,false,panels/lena-portrait-1200x1200-classic-vs-paintable.png
paintable,paintable,paintable-v1,fnv1a-f5edea0d,lena-portrait,portrait,1200,1200,10,15656.688,1923.948,6281.2,fa021d08b1929bfd322e77cd58576f33e7c214656748db658f571bd587e1da1f,603,403,4.1875,2.798611111111111,34,0.00002361111111111111,0.00004027777777777778,38,0,0.02732867667500695,0.47178294971284457,0.779944009484966,10,2.963492276062685,2.913502875714604,0.19611907274831195,0.6682698557129858,603,612,649,0.26666666666666666,0,false,panels/lena-portrait-1200x1200-classic-vs-paintable.png
classic,classic,classic-v1,fnv1a-fed1a3c8,retro-arcade,object,192,192,10,332.72,59.111,199.799,5ff4e23bc12fedeb4fecc3390cfb6f5ecd7f2f84934e8e7814af7d733b49ef39,542,474,147.02690972222223,128.58072916666666,216,0.005859375,0.009982638888888888,250,4,0.09421356893542758,0.6062960990084221,0.7853981633974483,10,2.3816124437422124,8.051885279636837,0.6389290882778582,0.47595946528676153,542,551,834,1.6666666666666667,0,false,panels/retro-arcade-192x192-classic-vs-paintable.png
paintable,paintable,paintable-v1,fnv1a-e357a3f6,retro-arcade,object,192,192,10,298.423,47.914,199.799,03623e25561266a2b20ae999974c54d558eee9257a95c6cae3625f1ae7fcac4d,384,360,104.16666666666666,97.65625,82,0.002224392361111111,0.00390625,81,1,0.1027623254799302,0.5098295906514012,0.7853981633974483,10,2.2376072291495146,7.6704725563540705,0.6222635000663393,0.505605864596809,384,393,497,1.6666666666666667,0,false,panels/retro-arcade-192x192-classic-vs-paintable.png
classic,classic,classic-v1,fnv1a-576b3ce1,retro-arcade,object,512,512,10,1577.983,241.502,1036.569,6ebcafec9fab8a22c9b7c8f0f1b1f268bde24988f46d87e42e33a23b7f4b6e22,2518,2059,96.0540771484375,78.54461669921875,934,0.00356292724609375,0.00638580322265625,1200,11,0.07306254586594912,0.5987705978168892,0.7853981633974483,10,2.430647035962249,8.260599934782476,0.614893672674008,0.5135890937691165,2518,2527,3822,0.625,0,false,panels/retro-arcade-512x512-classic-vs-paintable.png
paintable,paintable,paintable-v1,fnv1a-e6615f9c,retro-arcade,object,512,512,10,1647.167,248.836,1036.569,43e54af988e72b8c2e1ca2414706c528ef7f81808859984c27f394462c54d1e3,1079,1001,41.16058349609375,38.18511962890625,175,0.000667572021484375,0.001750946044921875,265,7,0.0693626926369863,0.4880654939453844,0.7853981633974483,10,2.4198096222813152,8.004165601864997,0.571814299490288,0.45342130560167787,1079,1088,1396,0.625,0,false,panels/retro-arcade-512x512-classic-vs-paintable.png
classic,classic,classic-v1,fnv1a-e0d6eb1b,retro-arcade,object,1024,1024,10,6402.593,1070.362,4317.723,ac6691e41ffbb0e2b2923ab39d4d3cf4e709d7a223a959bb63603913948ceec5,5014,4218,47.817230224609375,40.225982666015625,1903,0.0018148422241210938,0.0032510757446289062,2398,35,0.04221031509652982,0.6044438989010406,0.7853981633974483,10,2.3901723111123716,9.188828991200694,0.5271894611861819,0.4187654941975353,5014,5023,7670,0.3125,0,false,panels/retro-arcade-1024x1024-classic-vs-paintable.png
paintable,paintable,paintable-v1,fnv1a-58656e8c,retro-arcade,object,1024,1024,10,6005.376,1046.898,4317.723,b4fdd876f5f5075a7c7f04bcfee4f89212960fd374893bd0e92f12eab5e24074,2289,2087,21.829605102539062,19.903182983398438,532,0.000507354736328125,0.001033782958984375,712,12,0.04989871624511241,0.4921738435199196,0.7853981633974483,10,2.4177722893780884,7.594187682496624,0.45671159235912495,0.4288614234901017,2289,2298,3097,0.3125,0,false,panels/retro-arcade-1024x1024-classic-vs-paintable.png
classic,classic,classic-v1,fnv1a-eab63caf,retro-arcade,object,1200,1200,10,10169.429,1293.998,6178.65,701791024bffd4fc845f2de18269861c99cd4487dd7d3d4e5cdb8147db1981cd,6120,5102,42.5,35.43055555555556,2113,0.0014673611111111111,0.00279375,2854,21,0.041404295246038364,0.5939491184217423,0.7853981633974483,10,2.392128272866648,8.616632603962554,0.4771496915523102,0.4567695904741244,6120,6129,9188,0.26666666666666666,0,false,panels/retro-arcade-1200x1200-classic-vs-paintable.png
paintable,paintable,paintable-v1,fnv1a-f5a03726,retro-arcade,object,1200,1200,10,8038.909,1404.102,6178.65,9a3afd51077211d8bd6a7045645ba17e3c1825fbb55b3db7f835c902c1710c63,2263,2017,15.715277777777779,14.006944444444445,478,0.00033194444444444444,0.0007319444444444445,657,16,0.0453221434528774,0.4806428326922816,0.7853981633974483,10,2.412050096366485,7.483637353663178,0.3849592467355217,0.40338740649681426,2263,2272,3029,0.26666666666666666,0,false,panels/retro-arcade-1200x1200-classic-vs-paintable.png
classic,classic,classic-v1,fnv1a-006b4902,city-streets,landscape,192,192,10,324.319,53.635,195.875,7eccfaf2f2129a9f4aadb78e5152de1d046f37ce03fe421ce09fa3071d20c522,348,301,94.40104166666666,81.65147569444444,144,0.00390625,0.007052951388888889,167,0,0.0728484947643979,0.6254269699617508,0.7853981633974483,10,2.20937665059783,7.3071198807697835,0.6249298147108366,0.43986299565274667,348,357,550,1.6666666666666667,0,false,panels/city-streets-192x192-classic-vs-paintable.png
paintable,paintable,paintable-v1,fnv1a-76b14ee0,city-streets,landscape,192,192,10,309.783,36.933,195.875,439e51936d0783e0224dd1506393166598ebcf275f8d07287a2dc939a46373c3,258,248,69.98697916666667,67.27430555555556,58,0.0015733506944444445,0.003200954861111111,50,0,0.08255617364746946,0.5374232212282201,0.7853981633974483,10,2.3030352707951622,6.567246594361172,0.577869529314616,0.4609405875378738,258,267,346,1.6666666666666667,0,false,panels/city-streets-192x192-classic-vs-paintable.png
classic,classic,classic-v1,fnv1a-e0f02d30,city-streets,landscape,512,512,10,1710.347,249.49,1074.928,6f899f07df48b5a5a140b83681c0b82c390f4907836906817aa17ad230202c03,2214,1817,84.4573974609375,69.31304931640625,777,0.002964019775390625,0.005428314208984375,846,0,0.06317652274951076,0.5898821673319761,0.7853981633974483,10,2.238257440581195,8.025310359917455,0.6590537842579708,0.45430281293658903,2214,2223,3314,0.625,0,false,panels/city-streets-512x512-classic-vs-paintable.png
paintable,paintable,paintable-v1,fnv1a-f7cab513,city-streets,landscape,512,512,10,1691.404,250.948,1074.928,51d198448c355bf3a5fa440ffc199a8f408842295cba1f4acb3b1878bd251c22,1231,1152,46.95892333984375,43.9453125,284,0.0010833740234375,0.00222015380859375,304,0,0.07158145792563601,0.5062570494427779,0.7853981633974483,10,2.2160055597324324,7.5059725938504585,0.6144542930371636,0.4799090852221782,1231,1240,1664,0.625,0,false,panels/city-streets-512x512-classic-vs-paintable.png
classic,classic,classic-v1,fnv1a-d1f863d9,city-streets,landscape,1024,1024,10,6567.749,981.808,4518.138,efbb99a62d3d62470ba7d96ae85e3f0e9bff9c5e33ead8e909cd4e2f4358e0e4,6853,5755,65.35530090332031,54.88395690917969,2034,0.0019397735595703125,0.003810882568359375,2734,0,0.05768305535190616,0.5754096181815073,0.7853981633974483,10,2.1542328004024296,7.920078209693372,0.628686327077748,0.5592456829925363,6853,6862,9868,0.3125,0,false,panels/city-streets-1024x1024-classic-vs-paintable.png
paintable,paintable,paintable-v1,fnv1a-feeab330,city-streets,landscape,1024,1024,10,6159.753,1010.886,4518.138,39a32cbfa7b6c752e25bcbd48fbd30f334279133df833bf714dbcb377c834e2c,2851,2672,27.189254760742188,25.482177734375,506,0.0004825592041015625,0.001129150390625,625,0,0.060710112719941346,0.48748368014704363,0.7853981633974483,10,2.162999062105935,7.427835269705085,0.5412126358161549,0.506698170148243,2851,2860,3696,0.3125,0,false,panels/city-streets-1024x1024-classic-vs-paintable.png
classic,classic,classic-v1,fnv1a-a74c5408,city-streets,landscape,1200,1200,10,8930.41,1435.342,6424.114,0eaee33ef636da8be5c2725781b8a85d8b58777c779a107ca51681687ae54409,6168,5341,42.833333333333336,37.09027777777778,1863,0.00129375,0.0026118055555555556,2151,0,0.0447574367528496,0.5761494680699727,0.7853981633974483,10,2.194180077135449,8.217950442740829,0.5394816528720282,0.46226415094339623,6168,6177,8980,0.26666666666666666,0,false,panels/city-streets-1200x1200-classic-vs-paintable.png
paintable,paintable,paintable-v1,fnv1a-cd887d4b,city-streets,landscape,1200,1200,10,8627.068,1487.354,6424.114,69d9ebc85df0f0306df090556914e2c29e13efd9e3f315f2617ca17d4d3067b8,2973,2773,20.645833333333332,19.256944444444446,461,0.0003201388888888889,0.0008270833333333333,646,0,0.05739470391993328,0.47101459139970636,0.7853981633974483,10,2.1989797800665576,7.232515789101532,0.4591272652413735,0.5044907789339224,2973,2982,3799,0.26666666666666666,0,false,panels/city-streets-1200x1200-classic-vs-paintable.png
classic,classic,classic-v1,fnv1a-0300b362,fantasy-worlds,simple-illustration,192,192,10,301.346,56.591,185.478,b398ccc9650e39709c919a9a1399a339ec69646f0b853495768ffd3bb2e4008c,970,773,263.12934027777777,209.68967013888889,471,0.012776692708333334,0.021674262152777776,593,10,0.11973712914485166,0.6520182367268169,0.7853981633974483,10,2.1502891124338768,8.583833712531487,0.6700068321566841,0.500170010200612,970,979,1605,1.6666666666666667,0,false,panels/fantasy-worlds-192x192-classic-vs-paintable.png
paintable,paintable,paintable-v1,fnv1a-5c6d7744,fantasy-worlds,simple-illustration,192,192,10,269.473,44.62,185.478,0b9bc1aec5286bc66d15c0ee324dac728515c2ec94f3d0bdbbf98a63e8074892,564,523,152.99479166666666,141.87282986111111,220,0.005967881944444444,0.010796440972222222,209,0,0.10265325043630018,0.594333950641677,0.7853981633974483,10,1.848937113122989,8.412773736936085,0.7197502988444681,0.4606426385583135,564,573,873,1.6666666666666667,0,false,panels/fantasy-worlds-192x192-classic-vs-paintable.png
classic,classic,classic-v1,fnv1a-9313dfd4,fantasy-worlds,simple-illustration,512,512,10,1534.776,244.712,1009.216,f91601d9cf8cc30f060d39aa65c4735e1e734cac89c9eec4792d1d4e1d8d06c1,4912,3873,187.3779296875,147.74322509765625,2106,0.00803375244140625,0.013946533203125,2633,30,0.09453736545988259,0.6367299347014465,0.7853981633974483,10,2.2223320164040166,8.512110965418628,0.636734858898682,0.5493964975929673,4912,4921,7793,0.625,0,false,panels/fantasy-worlds-512x512-classic-vs-paintable.png
paintable,paintable,paintable-v1,fnv1a-3453f027,fantasy-worlds,simple-illustration,512,512,10,1643.411,261.236,1009.216,5d7e9b475863b53489398d67195957cf1093de7d8a11ec278cc407133334217f,1789,1635,68.24493408203125,62.37030029296875,473,0.001804351806640625,0.003795623779296875,516,20,0.08099735506360078,0.5550451161269235,0.7853981633974483,10,2.195848659993797,8.835854931585345,0.5687421843663734,0.42044582432149585,1789,1798,2523,0.625,0,false,panels/fantasy-worlds-512x512-classic-vs-paintable.png
