adapter,stylePreset,pipelineVersion,resultFingerprint,previewPixelFingerprint,image,category,license,sourcePage,sourceSha256,width,height,colors,runtimeMs,evaluationRuntimeMs,sourceSamplingMs,outputHash,regions4,regions8,regionDensity4Per10k,regionDensity8Per10k,singletonCount,singletonAreaRatio,tinyAreaRatio,highContrastTinyCount,lowContrastTinyCount,transitionRatio,compactnessMean,compactnessP90,paletteUsed,paletteEntropyBits,meanDeltaE,edgePrecision,edgeRecall,idealRegionTaps,classicLowerBound,conservativeManualTapLowerBound,producerRegionCount,producerRegionDelta,producerTinyAreaRatio,producerTinyAreaDelta,producerEffortLowerBound,producerMetricsMatch,previewCellPixels,readableCellRatio,labelsPotentiallyLegible,panel
classic,classic,classic-v1,px128-f2185c6318a75e2b841e94ab841152e7,rgba128-4049ef5c810a5c88b5e2d5ea5549a14c,portrait-jessica-meir,portrait,Public domain,https://commons.wikimedia.org/wiki/File:Jessica_Meir_official_portrait_in_an_EMU_(B%26W).jpg,53f00ccbe889a745c4a085dde02732065fbec59f2bca1f9dfaae211b0251effe,192,192,10,362.064,92.905,427.364,b63ea293f0488821149ac69e1704bda730cdfcfd4cd74877f57033829989bf83,701,538,190.15842013888889,145.94184027777777,325,0.008816189236111112,0.013970269097222222,159,54,0.0903277705061082,0.6204213976411328,0.7853981633974483,10,2.605646398841618,3.8652468922049996,0.48483018867924527,0.6733752620545074,701,710,1121,,,,,,,1.6666666666666667,0,false,panels/portrait-jessica-meir-192x192-classic-vs-paintable.png
paintable,paintable,paintable-v1,px128-5ea452aab6cd9726ba25ea70c21f5972,rgba128-b7d191687e00840497db32de84317f90,portrait-jessica-meir,portrait,Public domain,https://commons.wikimedia.org/wiki/File:Jessica_Meir_official_portrait_in_an_EMU_(B%26W).jpg,53f00ccbe889a745c4a085dde02732065fbec59f2bca1f9dfaae211b0251effe,192,192,10,354.093,92.881,427.364,fed9a1a2f2f31e5ae2103c76e7d7addec097faacc56f7b40e0790545e97c9be7,367,348,99.55512152777779,94.40104166666666,96,0.0026041666666666665,0.004991319444444444,75,6,0.08522851221640489,0.5199497752799324,0.7853981633974483,10,2.6027257442400646,3.7797726834558287,0.48472244440889456,0.6352201257861635,367,376,507,367,0,0.004991319444444444,0,367,true,1.6666666666666667,0,false,panels/portrait-jessica-meir-192x192-classic-vs-paintable.png
classic,classic,classic-v1,px128-c1bec85c30326790d17d4e0645273b74,rgba128-7c6d5b084c3a7854eca8a1fec2462300,portrait-jessica-meir,portrait,Public domain,https://commons.wikimedia.org/wiki/File:Jessica_Meir_official_portrait_in_an_EMU_(B%26W).jpg,53f00ccbe889a745c4a085dde02732065fbec59f2bca1f9dfaae211b0251effe,512,512,10,2138.144,425.255,1406.681,3360698b5b590c28284a17a3ecd90ccf687d838896cdfcaf154218dd1146df6f,3920,2629,149.5361328125,100.28839111328125,1813,0.006916046142578125,0.011051177978515625,566,413,0.0750615368150685,0.6188409844222603,0.7853981633974483,10,2.584879746335771,3.3860911053760674,0.2822262392748937,0.7317314674235923,3920,3929,6275,,,,,,,0.625,0,false,panels/portrait-jessica-meir-512x512-classic-vs-paintable.png
paintable,paintable,paintable-v1,px128-a62e5c3927c5f0b1c1e03af1a32e90ed,rgba128-6bc60fa26a60bd7e305b60780363d0f2,portrait-jessica-meir,portrait,Public domain,https://commons.wikimedia.org/wiki/File:Jessica_Meir_official_portrait_in_an_EMU_(B%26W).jpg,53f00ccbe889a745c4a085dde02732065fbec59f2bca1f9dfaae211b0251effe,512,512,10,1893.245,340.133,1406.681,663e40d549f3fc0a12c6e1b83b0bdc31c9772e463ac5e32a03f1ede49d45a6fc,1221,1109,46.57745361328125,42.30499267578125,380,0.0014495849609375,0.00252532958984375,247,20,0.055985124143835614,0.5254998707606092,0.7853981633974483,10,2.5752798398394265,3.072183364017633,0.31595835466803207,0.610997425572645,1221,1230,1742,1221,0,0.00252532958984375,0,1221,true,0.625,0,false,panels/portrait-jessica-meir-512x512-classic-vs-paintable.png
classic,classic,classic-v1,px128-25f4104557d201cd2f6d918d5a1a8481,rgba128-99fbdf4d2498d7e5ebf5b81d04ef9e01,portrait-jessica-meir,portrait,Public domain,https://commons.wikimedia.org/wiki/File:Jessica_Meir_official_portrait_in_an_EMU_(B%26W).jpg,53f00ccbe889a745c4a085dde02732065fbec59f2bca1f9dfaae211b0251effe,1024,1024,10,8059.176,1190.404,5221.283,bafc02f13964f0bd548de8d635c78c61f56210c16a0d44a4b10b01e9ff9aff82,14219,9078,135.6029510498047,86.57455444335938,6409,0.006112098693847656,0.010491371154785156,1838,1959,0.06954929206378299,0.6201022159798546,0.7853981633974483,10,2.5580556079202807,3.235306293235169,0.21525876208711645,0.7564269522018039,14219,14228,22924,,,,,,,0.3125,0,false,
classic,classic,classic-v1,px128-f4eb5ab8701f42dc5a121032739099a8,rgba128-b98f8f27bc5a388bfa02c1e95acc6d5f,portrait-jessica-meir,portrait,Public domain,https://commons.wikimedia.org/wiki/File:Jessica_Meir_official_portrait_in_an_EMU_(B%26W).jpg,53f00ccbe889a745c4a085dde02732065fbec59f2bca1f9dfaae211b0251effe,1200,1200,10,11099.297,1834.156,7506.741,b8ef1fa75192014a619db9248aa69ecf9798626c6d3920638cedd7680aee0173,13799,9224,95.82638888888889,64.05555555555556,6040,0.004194444444444444,0.0071375,2218,1899,0.05912739783152627,0.6111403281983497,0.7853981633974483,10,2.576298412684823,3.3862515114097134,0.20203943695083607,0.7365759588600814,13799,13808,21958,,,,,,,0.26666666666666666,0,false,
classic,classic,classic-v1,px128-cdfd349db313aed9a7dabaef6724c23d,rgba128-17ec819802dc9ec0eb617b18a48b56f4,animal-iguana-venezuela,animal,CC0 1.0,https://commons.wikimedia.org/wiki/File:Iguana_de_Venezuela.jpg,f68277b68f18d89806ba0a9ead1e9408c9e0fb64db6b220ba34f6ee8a30b9016,192,192,10,682.902,102.72,278.378,8c7e4c2d05281a55924adef925221e3578f274724f2d9acaf370b36272574820,161,134,43.67404513888889,36.34982638888889,77,0.0020887586805555555,0.0033365885416666665,26,16,0.06255453752181502,0.6120665992531527,0.7853981633974483,10,2.9775227142345218,6.3801052622923935,0.38448125544899736,0.3168103448275862,161,170,261,,,,,,,1.6666666666666667,0,false,panels/animal-iguana-venezuela-192x192-classic-vs-paintable.png
paintable,paintable,paintable-v1,px128-1491308a4b64b2aa05d09a8671ab0c9e,rgba128-58c165c9e4cd42318020cf31218c70e5,animal-iguana-venezuela,animal,CC0 1.0,https://commons.wikimedia.org/wiki/File:Iguana_de_Venezuela.jpg,f68277b68f18d89806ba0a9ead1e9408c9e0fb64db6b220ba34f6ee8a30b9016,192,192,10,409.832,74.795,278.378,bd3c61a9a8fe8d704df8864237b345d1df8f418f1bbb7edb44ed7c3b43953492,230,214,62.39149305555556,58.05121527777778,69,0.0018717447916666667,0.003119574652777778,10,15,0.08142452006980803,0.5142778427230267,0.7853981633974483,10,2.8918781446286865,6.263991284391927,0.37776289350301406,0.4051724137931034,230,239,322,230,0,0.003119574652777778,0,230,true,1.6666666666666667,0,false,panels/animal-iguana-venezuela-192x192-classic-vs-paintable.png
classic,classic,classic-v1,px128-4de2c7b48bc5e170b71a0f06a5f7fcf4,rgba128-3d2f7580aceeea7ccddf385a22044f50,animal-iguana-venezuela,animal,CC0 1.0,https://commons.wikimedia.org/wiki/File:Iguana_de_Venezuela.jpg,f68277b68f18d89806ba0a9ead1e9408c9e0fb64db6b220ba34f6ee8a30b9016,512,512,10,2108.737,332.978,1362.809,6184b928d00b7664c154bea8da7229bd116a7579fceb4d7fcad0522ae3085978,3720,2466,141.90673828125,94.0704345703125,1516,0.0057830810546875,0.010345458984375,330,270,0.0829543022260274,0.6171441877629706,0.7853981633974483,10,3.018604309312284,8.464966734737118,0.4744396065150782,0.3507988961945968,3720,3729,5834,,,,,,,0.625,0,false,panels/animal-iguana-venezuela-512x512-classic-vs-paintable.png
paintable,paintable,paintable-v1,px128-ddaad1837b7f2ecbbffb92b78f9a68ff,rgba128-db8ace345eccbf609d38049a2e3af2d4,animal-iguana-venezuela,animal,CC0 1.0,https://commons.wikimedia.org/wiki/File:Iguana_de_Venezuela.jpg,f68277b68f18d89806ba0a9ead1e9408c9e0fb64db6b220ba34f6ee8a30b9016,512,512,10,2027.344,345.632,1362.809,dafa7ffaefc03f22d7a96c8365a7b4d800666b5e3ec53a1e3010e022f5ff2783,1103,1030,42.07611083984375,39.2913818359375,346,0.00131988525390625,0.00261688232421875,224,10,0.05861477189334638,0.5878917668126589,0.7853981633974483,10,3.0064381301015852,7.975991550331173,0.4870398748003,0.2544543998909822,1103,1112,1619,1103,0,0.00261688232421875,0,1103,true,0.625,0,false,panels/animal-iguana-venezuela-512x512-classic-vs-paintable.png
classic,classic,classic-v1,px128-a7c5157a6a56bac6185b85b48387f37a,rgba128-06040e0f00e70023b1112439ad82de37,landscape-utah-dunes,landscape,Public domain,https://commons.wikimedia.org/wiki/File:Utah_Dunes_Landscape_-_West_Desert_District.jpg,cefccb9b95f999a2444bb72cde06d5384b0144c6b67afe8bdff80b60146ba6bc,192,192,10,368.966,43.477,247.036,49e66a2e28f81a878da8d63d108f54e51b5112d815bc24170d3cdd857f024b38,84,80,22.786458333333336,21.70138888888889,32,0.0008680555555555555,0.001193576388888889,14,0,0.05825970767888307,0.4943791003935879,0.7853981633974483,10,2.876040446965723,5.031223722491834,0.28691785630704425,0.6514346439957492,84,93,122,,,,,,,1.6666666666666667,0,false,panels/landscape-utah-dunes-192x192-classic-vs-paintable.png
paintable,paintable,paintable-v1,px128-260f7ef9fd2fc3f1aa635b69ec8a7e7d,rgba128-679d1a58f3b32860b667b958ed8aa6a4,landscape-utah-dunes,landscape,Public domain,https://commons.wikimedia.org/wiki/File:Utah_Dunes_Landscape_-_West_Desert_District.jpg,cefccb9b95f999a2444bb72cde06d5384b0144c6b67afe8bdff80b60146ba6bc,192,192,10,383.533,68.416,247.036,ab5de3a831ed1cbf86757f6ab8f385977a796451e4bf95c142e6a0260bf3589a,82,78,22.24392361111111,21.158854166666664,5,0.00013563368055555556,0.00018988715277777778,2,0,0.06950807155322862,0.27269266285618854,0.4708494444037264,10,2.8527012574929387,4.741293826648972,0.2918791683012946,0.7906482465462275,82,91,88,82,0,0.00018988715277777778,0,82,true,1.6666666666666667,0,false,panels/landscape-utah-dunes-192x192-classic-vs-paintable.png
classic,classic,classic-v1,px128-bc89137e2c6ce42a0d654e148775bbae,rgba128-14e61104368412ac28828740e4893260,landscape-utah-dunes,landscape,Public domain,https://commons.wikimedia.org/wiki/File:Utah_Dunes_Landscape_-_West_Desert_District.jpg,cefccb9b95f999a2444bb72cde06d5384b0144c6b67afe8bdff80b60146ba6bc,512,512,10,1972.559,344.839,1328.448,e42ea8d6d6340bb1e9910ac64cb8a8fcdb726c233d74d66eaf0416133d50ce70,298,255,11.3677978515625,9.72747802734375,99,0.000377655029296875,0.000690460205078125,67,5,0.031328354329745595,0.560618769897585,0.7853981633974483,10,2.8294344946894237,5.127896272612247,0.25108277923503936,0.4435822825735532,298,307,438,,,,,,,0.625,0,false,panels/landscape-utah-dunes-512x512-classic-vs-paintable.png
paintable,paintable,paintable-v1,px128-16d8f5c8e527f8503714355ca5c265e4,rgba128-9611640205463c0e708756b4ff9546aa,landscape-utah-dunes,landscape,Public domain,https://commons.wikimedia.org/wiki/File:Utah_Dunes_Landscape_-_West_Desert_District.jpg,cefccb9b95f999a2444bb72cde06d5384b0144c6b67afe8bdff80b60146ba6bc,512,512,10,1809.307,327.549,1328.448,0718334c13ec1a3010f67e74fedff64d0b0e362f7189c3b8c1ec768f111f1cc5,141,135,5.37872314453125,5.14984130859375,11,0.000041961669921875,0.000064849853515625,9,0,0.036620138209393346,0.26650467690733576,0.6872233929727672,10,2.856557081100841,4.7418956251750615,0.23765786452353616,0.49078564500484967,141,150,155,141,0,0.000064849853515625,0,141,true,0.625,0,false,panels/landscape-utah-dunes-512x512-classic-vs-paintable.png
classic,classic,classic-v1,px128-8b0885c75f151d07ae0b67e312053f13,rgba128-f175a736b4970d86ba1d7a469ae3b9d2,landscape-utah-dunes,landscape,Public domain,https://commons.wikimedia.org/wiki/File:Utah_Dunes_Landscape_-_West_Desert_District.jpg,cefccb9b95f999a2444bb72cde06d5384b0144c6b67afe8bdff80b60146ba6bc,1024,1024,10,7864.976,1265.046,5262.438,7e63698f20383420b31f547425118b401ff7f12a16108c79992c479bb47fb284,1108,859,10.56671142578125,8.192062377929688,592,0.0005645751953125,0.000865936279296875,609,26,0.020053419782502444,0.647700794262767,0.7853981633974483,10,2.826602897945194,5.217065885872046,0.3065644785071643,0.24997088848348406,1108,1117,1858,,,,,,,0.3125,0,false,
classic,classic,classic-v1,px128-4c8fc17d78656cb101169c07f79a7455,rgba128-042d592cbb00b208d582f3aaf250ca9c,landscape-utah-dunes,landscape,Public domain,https://commons.wikimedia.org/wiki/File:Utah_Dunes_Landscape_-_West_Desert_District.jpg,cefccb9b95f999a2444bb72cde06d5384b0144c6b67afe8bdff80b60146ba6bc,1200,1200,10,11037.636,1726.545,7154.424,9b9c21b967c98f6e93797c4bc0e73057faadb79deb610a8266b6ea69b12a3995,1978,1629,13.73611111111111,11.312500000000002,947,0.0006576388888888889,0.001132638888888889,776,74,0.018022657770364194,0.6461483543632739,0.7853981633974483,10,2.840590069218495,5.391312557248957,0.30226369981874973,0.24859653017856576,1978,1987,3267,,,,,,,0.26666666666666666,0,false,
classic,classic,classic-v1,px128-92c58ec59c2528e54a36453d27073d09,rgba128-77fb169cdd46ebe84df7de7665d04d54,object-palm-wine-cup,object,CC0 1.0,"https://commons.wikimedia.org/wiki/File:Palm_Wine_Cup,_Br%C3%BCcke-Museum_Berlin,_65048,_view_a.jpg",589da43e6f7f86e2ae3b41d33e4cb06f8c2560b54e358818203accefb02f40f6,192,192,10,294.154,44.369,245.723,c29764b74d184c0fdb63cb2bd666cb5b67f20a87e4b91a032bc2285b49539e7b,40,35,10.850694444444445,9.49435763888889,10,0.0002712673611111111,0.00043402777777777775,3,3,0.035422120418848166,0.4255789589377531,0.7853981633974483,10,2.846862377035259,2.0426450239974656,0.3056197074672825,0.8357894736842105,40,49,53,,,,,,,1.6666666666666667,0,false,panels/object-palm-wine-cup-192x192-classic-vs-paintable.png
paintable,paintable,paintable-v1,px128-95bc7c2be69352cb021a1e43e10d9a47,rgba128-acaf73531b58f01ba282760b802d3fdf,object-palm-wine-cup,object,CC0 1.0,"https://commons.wikimedia.org/wiki/File:Palm_Wine_Cup,_Br%C3%BCcke-Museum_Berlin,_65048,_view_a.jpg",589da43e6f7f86e2ae3b41d33e4cb06f8c2560b54e358818203accefb02f40f6,192,192,10,309.488,36.53,245.723,09023b3411d0666e34f2a536e7620a31f1e650a05488bacca48ee3c432e6a354,51,50,13.834635416666668,13.563368055555555,4,0.00010850694444444444,0.00010850694444444444,2,0,0.03967604712041885,0.338189824279804,0.5890486225480862,10,2.8583952514495903,1.8286284571861162,0.2876288659793814,0.8810526315789474,51,60,55,51,0,0.00010850694444444444,0,51,true,1.6666666666666667,0,false,panels/object-palm-wine-cup-192x192-classic-vs-paintable.png
classic,classic,classic-v1,px128-3609be01e001f9f9a8cc5de5904160bd,rgba128-a98d57b8145e137869e057508889138c,object-palm-wine-cup,object,CC0 1.0,"https://commons.wikimedia.org/wiki/File:Palm_Wine_Cup,_Br%C3%BCcke-Museum_Berlin,_65048,_view_a.jpg",589da43e6f7f86e2ae3b41d33e4cb06f8c2560b54e358818203accefb02f40f6,512,512,10,2103.468,315.209,1388.023,465d0f5a5ebe52651dc416c95591bb039cb68a6458226d7feda78afb26a87e65,126,100,4.8065185546875,3.814697265625,54,0.00020599365234375,0.00035858154296875,8,12,0.017685145547945206,0.5802011255959579,0.7853981633974483,10,2.816547294209944,2.114327877634082,0.20315539226280527,0.8234778799824792,126,135,200,,,,,,,0.625,0,false,panels/object-palm-wine-cup-512x512-classic-vs-paintable.png
paintable,paintable,paintable-v1,px128-7e217e02fc42d9b21827a846de2b3a46,rgba128-c507d5c3c4aa908777ea483d85406793,object-palm-wine-cup,object,CC0 1.0,"https://commons.wikimedia.org/wiki/File:Palm_Wine_Cup,_Br%C3%BCcke-Museum_Berlin,_65048,_view_a.jpg",589da43e6f7f86e2ae3b41d33e4cb06f8c2560b54e358818203accefb02f40f6,512,512,10,1907.494,317.685,1388.023,5581786cb4045502d88c2afac44bc679760a68f052b59c3d8a38558691027484,80,78,3.0517578125,2.9754638671875,3,0.000011444091796875,0.000034332275390625,3,0,0.021314288772015657,0.26839786850932945,0.5626750451677284,10,2.8474579933524713,1.864349413065952,0.16677127230341612,0.8147174770039421,80,89,86,80,0,0.000034332275390625,0,80,true,0.625,0,false,panels/object-palm-wine-cup-512x512-classic-vs-paintable.png
classic,classic,classic-v1,px128-133e182098bfdbe83b3286f4dcb01c7c,rgba128-3b8e5aa338831dc30ac0de0bb0ef27b7,gradient-golden-gate-fog,gradient,CC0 1.0,https://commons.wikimedia.org/wiki/File:Golden_Gate_Fog_-_Flickr_-_romainguy.jpg,ec1465fe61156a5859b2b43764ed9173ff7a6debee4840b7dcd59bab211f71e3,192,192,10,344.992,40.437,248.527,5fa073bea786a6a071b6cdfa3b2f2a35f0fa8c77b79d6c556fd26816d4cf2ab0,103,98,27.940538194444446,26.58420138888889,21,0.0005696614583333334,0.0016547309027777778,41,0,0.043207351657940665,0.5303234471315851,0.7853981633974483,10,2.8236693854400956,5.954567113470047,0.41211738718838753,0.6673479816044967,103,112,144,,,,,,,1.6666666666666667,0,false,panels/gradient-golden-gate-fog-192x192-classic-vs-paintable.png
paintable,paintable,paintable-v1,px128-909814f6c92477fa8ab7e0cc683c75be,rgba128-b992ecd2232c8702cd6fd952f80f07b6,gradient-golden-gate-fog,gradient,CC0 1.0,https://commons.wikimedia.org/wiki/File:Golden_Gate_Fog_-_Flickr_-_romainguy.jpg,ec1465fe61156a5859b2b43764ed9173ff7a6debee4840b7dcd59bab211f71e3,192,192,10,280.999,39.676,248.527,3c8898597bd63a95086a1e840ec49802643937c52229715d406cdba628d92624,83,78,22.51519097222222,21.158854166666664,14,0.00037977430555555556,0.0008138020833333334,17,0,0.04312554537521815,0.4815561054535078,0.7853981633974483,10,2.8311612213770747,5.942831160025283,0.39108441353145745,0.6320899335717935,83,92,105,83,0,0.0008138020833333334,0,83,true,1.6666666666666667,0,false,panels/gradient-golden-gate-fog-192x192-classic-vs-paintable.png
classic,classic,classic-v1,px128-98e223bcf71d074c368e12dc10f842d0,rgba128-f803d282afdef7260bdaa0f414f1c122,gradient-golden-gate-fog,gradient,CC0 1.0,https://commons.wikimedia.org/wiki/File:Golden_Gate_Fog_-_Flickr_-_romainguy.jpg,ec1465fe61156a5859b2b43764ed9173ff7a6debee4840b7dcd59bab211f71e3,512,512,10,2082.908,295.29,1429.948,a66aa37ba4c89e1a8c4c889fbf7435c4e0f589c040b300aab5079da461ffdffd,449,394,17.12799072265625,15.0299072265625,152,0.000579833984375,0.001190185546875,224,0,0.022728488869863013,0.6055031009448265,0.7853981633974483,10,2.789105499830662,6.004385411452631,0.3719835197174809,0.5479995045212437,449,458,681,,,,,,,0.625,0,false,panels/gradient-golden-gate-fog-512x512-classic-vs-paintable.png
paintable,paintable,paintable-v1,px128-5cb82e4e0bd2c2b6ee0b2442b1080792,rgba128-56340c017907db7181b21ead94379e5d,gradient-golden-gate-fog,gradient,CC0 1.0,https://commons.wikimedia.org/wiki/File:Golden_Gate_Fog_-_Flickr_-_romainguy.jpg,ec1465fe61156a5859b2b43764ed9173ff7a6debee4840b7dcd59bab211f71e3,512,512,10,1937.238,314.562,1429.948,6dde3e19bb4c936d52935f3133ba3c51673ea14c102da97304db4ad47774144d,223,202,8.50677490234375,7.7056884765625,44,0.0001678466796875,0.00043487548828125,67,0,0.02166401663405088,0.5191373875825812,0.7853981633974483,10,2.7867176877893076,6.038923583692508,0.35259350741002116,0.4951071472810603,223,232,302,223,0,0.00043487548828125,0,223,true,0.625,0,false,panels/gradient-golden-gate-fog-512x512-classic-vs-paintable.png
classic,classic,classic-v1,px128-b6bb596611b3c7fa917d5d28b82f9f96,rgba128-8d645ebdc1184d95947e9501e78d4529,illustration-paint-brush,simple-illustration,CC0 1.0,https://commons.wikimedia.org/wiki/File:Leanne_Walker-_Paint_Brush_Illustration_-_FREE_(50225393663).jpg,3870deb1637fa9d05fabe6332cbc4ec3c49d5128ab1c2f9b9ebb30f68b34c4c0,192,192,10,347.216,58.518,214.788,038eeae28c52eaefdb790de6572fe7cf630c0f7a9e58c22f0b9385573854f0fb,533,422,144.58550347222223,114.47482638888889,302,0.008192274305555556,0.012315538194444444,371,0,0.056732657068062825,0.6735912788386158,0.7853981633974483,10,2.3541345765163912,1.9794768792657527,0.9182888728670993,0.8197811628405921,533,542,911,,,,,,,1.6666666666666667,0,false,panels/illustration-paint-brush-192x192-classic-vs-paintable.png
paintable,paintable,paintable-v1,px128-fe23459f1fdf6a574c4cf26f7959093b,rgba128-65aaf546f76d52363667b1ea8a17e98a,illustration-paint-brush,simple-illustration,CC0 1.0,https://commons.wikimedia.org/wiki/File:Leanne_Walker-_Paint_Brush_Illustration_-_FREE_(50225393663).jpg,3870deb1637fa9d05fabe6332cbc4ec3c49d5128ab1c2f9b9ebb30f68b34c4c0,192,192,10,320.909,52.982,214.788,38a5d891e5416691353c0f1184b5bee2c28255ebc9194d74e5066201e016952a,375,282,101.72526041666666,76.49739583333333,205,0.005560980902777778,0.008382161458333334,248,0,0.05366492146596859,0.6439526041054208,0.7853981633974483,10,2.3640641167590037,2.1656048788049196,0.9390243902439024,0.7929628835013945,375,384,632,375,0,0.008382161458333334,0,375,true,1.6666666666666667,0,false,panels/illustration-paint-brush-192x192-classic-vs-paintable.png
classic,classic,classic-v1,px128-a2c69103c1cf22fb862669d7b0bf55bf,rgba128-91ec4e2e25ac94e24e9d0894006f10ae,illustration-paint-brush,simple-illustration,CC0 1.0,https://commons.wikimedia.org/wiki/File:Leanne_Walker-_Paint_Brush_Illustration_-_FREE_(50225393663).jpg,3870deb1637fa9d05fabe6332cbc4ec3c49d5128ab1c2f9b9ebb30f68b34c4c0,512,512,10,1925.885,258.606,1348.23,49d936895971441d1d90c948112ad3aca1aaf9e9cad4532deabae9d3b4d36376,1703,1327,64.96429443359375,50.62103271484375,1106,0.00421905517578125,0.006439208984375,1397,0,0.024893743884540118,0.7083815246985252,0.7853981633974483,10,2.437443683668137,0.9056095272762548,0.9196222938737909,0.8469315610859729,1703,1712,3100,,,,,,,0.625,0,false,panels/illustration-paint-brush-512x512-classic-vs-paintable.png
paintable,paintable,paintable-v1,px128-1bafc3c35fcbca0b815f1503869b0dc7,rgba128-4fdea147884a2fa320f43a293e055ac7,illustration-paint-brush,simple-illustration,CC0 1.0,https://commons.wikimedia.org/wiki/File:Leanne_Walker-_Paint_Brush_Illustration_-_FREE_(50225393663).jpg,3870deb1637fa9d05fabe6332cbc4ec3c49d5128ab1c2f9b9ebb30f68b34c4c0,512,512,10,1867.246,306.85,1348.23,bf82f88c3cd9542609cf6283ad69eb0b2d345d48d52fe45cd49d2dae86e4cdd1,1161,983,44.28863525390625,37.49847412109375,637,0.002429962158203125,0.004154205322265625,862,0,0.022950174290606654,0.6791690187548838,0.7853981633974483,10,2.4313207266598686,0.9487142558666335,0.9322175035390124,0.7915016968325792,1161,1170,2024,1161,0,0.004154205322265625,0,1161,true,0.625,0,false,panels/illustration-paint-brush-512x512-classic-vs-paintable.png
classic,classic,classic-v1,px128-7a1c0817a801dadfa47524030310e72b,rgba128-95e1b4a5f77e3f510dc5b3ebdcf05735,illustration-paint-brush,simple-illustration,CC0 1.0,https://commons.wikimedia.org/wiki/File:Leanne_Walker-_Paint_Brush_Illustration_-_FREE_(50225393663).jpg,3870deb1637fa9d05fabe6332cbc4ec3c49d5128ab1c2f9b9ebb30f68b34c4c0,1024,1024,10,8252.942,1127.846,5547.337,265998b5e54f11bd36e5ea1e0e00a4462ba26fdf541433a4494c1a1f7ebcf33d,2874,2086,27.408599853515625,19.893646240234375,1942,0.0018520355224609375,0.00293731689453125,2505,0,0.01174547898338221,0.7295272793345898,0.7853981633974483,10,2.4159337009174227,0.7893405291862265,0.9443270481144344,0.715653968156201,2874,2883,5385,,,,,,,0.3125,0,false,
classic,classic,classic-v1,px128-db70b7d13c7453e158bae85138fed6ed,rgba128-37be8a9b5b46a31b66e0ed3b1edd9e0f,illustration-paint-brush,simple-illustration,CC0 1.0,https://commons.wikimedia.org/wiki/File:Leanne_Walker-_Paint_Brush_Illustration_-_FREE_(50225393663).jpg,3870deb1637fa9d05fabe6332cbc4ec3c49d5128ab1c2f9b9ebb30f68b34c4c0,1200,1200,10,11023.831,1632.713,7415.271,3da6aa9e868b86525f561c512507f0a5c0fea9bc2181aa94fd14a8045123ddf7,3355,2262,23.29861111111111,15.708333333333334,2140,0.001486111111111111,0.0024861111111111112,2836,0,0.010111898804559354,0.7229935731689556,0.7853981633974483,10,2.4187798669948393,0.7360453657539665,0.9362499140834422,0.6748662306777645,3355,3364,6215,,,,,,,0.26666666666666666,0,false,
classic,classic,classic-v1,px128-1d212f10c9715e68eaf7a65c34e9c6ec,rgba128-f552b873acd6346bae50fb3f6b5a1a17,silhouette-rat,strong-silhouette,CC0 1.0,https://commons.wikimedia.org/wiki/File:Rat_silhouette_(27072964899).jpg,6d453ff9a55de6503f08ad80315f8e8a09afffc28d209c806b5870aa8c4dba43,192,192,10,423.595,51.628,242.938,711981c7487e4288dadf8e8cafcffc8d79b75e7c9fc0405b781ef30e44d7d3e0,712,426,193.14236111111111,115.55989583333334,361,0.009792751736111112,0.015760633680555556,67,198,0.10985220331588133,0.629626762108595,0.7853981633974483,10,2.9434699381584957,2.797129649525838,0.18021596127590914,0.8080133555926544,712,721,1183,,,,,,,1.6666666666666667,0,false,panels/silhouette-rat-192x192-classic-vs-paintable.png
paintable,paintable,paintable-v1,px128-eee25a05bf3caae547677f313584c741,rgba128-9ab2bae16f5cd38172c65edd7afeb59d,silhouette-rat,strong-silhouette,CC0 1.0,https://commons.wikimedia.org/wiki/File:Rat_silhouette_(27072964899).jpg,6d453ff9a55de6503f08ad80315f8e8a09afffc28d209c806b5870aa8c4dba43,192,192,10,357.001,42.156,242.938,969d31405c2ba04c4ff7e21d83d7551436187ae484a5e7a292c28d2085e1ef79,291,266,78.93880208333334,72.15711805555556,62,0.001681857638888889,0.002495659722222222,28,9,0.10674356457242583,0.45683350912315074,0.7853981633974483,10,2.9457249584226135,2.4986569835447074,0.1629837782603142,0.7100723427935448,291,300,368,291,0,0.002495659722222222,0,291,true,1.6666666666666667,0,false,panels/silhouette-rat-192x192-classic-vs-paintable.png
classic,classic,classic-v1,px128-b8c2cc6dcd445395c0f739113025c741,rgba128-8d7861ad58d577cd1b2c0b7935114911,silhouette-rat,strong-silhouette,CC0 1.0,https://commons.wikimedia.org/wiki/File:Rat_silhouette_(27072964899).jpg,6d453ff9a55de6503f08ad80315f8e8a09afffc28d209c806b5870aa8c4dba43,512,512,10,2187.992,302.401,1312.734,acaf90c00aca6ea3a3d285af640fa49d634eab2e40aeaa2b43e87e07de035b71,1192,628,45.47119140625,23.956298828125,502,0.00191497802734375,0.00380706787109375,100,277,0.055929702788649706,0.6076656987300234,0.7853981633974483,10,2.95511987387701,2.429263446127834,0.08634593043121712,0.8070903864580007,1192,1201,1942,,,,,,,0.625,0,false,panels/silhouette-rat-512x512-classic-vs-paintable.png
paintable,paintable,paintable-v1,px128-53abb2dfcbeaf1774b6350d77771fa2b,rgba128-2bd1ef071824670f817f10ab53d92533,silhouette-rat,strong-silhouette,CC0 1.0,https://commons.wikimedia.org/wiki/File:Rat_silhouette_(27072964899).jpg,6d453ff9a55de6503f08ad80315f8e8a09afffc28d209c806b5870aa8c4dba43,512,512,10,2052.25,313.016,1312.734,98f7255bf8820b7c8d59085573f6b7b4ffbee084e9076a96437e72983c920445,417,386,15.90728759765625,14.7247314453125,59,0.000225067138671875,0.000438690185546875,37,8,0.062842083537182,0.37536942460295397,0.7853981633974483,10,2.970259653499874,1.795632674245212,0.0665693519447739,0.699137655701054,417,426,504,417,0,0.000438690185546875,0,417,true,0.625,0,false,panels/silhouette-rat-512x512-classic-vs-paintable.png
